-- Sample data for Trading System (Hibernate-compatible)
-- This script populates the database with sample data using Hibernate column names

USE tradingsystem;

-- Insert sample offices (using snake_case column names)
INSERT INTO offices (office_code, city, phone, address_line1, address_line2, state, country, postal_code, territory) VALUES
('1', 'San Francisco', '+1 650 219 4782', '100 Market Street', 'Suite 300', 'CA', 'USA', '94080', 'NA'),
('2', 'Boston', '+1 215 837 0825', '1550 Court Place', 'Suite 102', 'MA', 'USA', '02107', 'NA'),
('3', 'NYC', '+1 212 555 3000', '523 East 53rd Street', 'apt. 5A', 'NY', 'USA', '10022', 'NA'),
('4', 'Paris', '+33 14 723 4404', '43 Rue Jouffroy D''abbans', NULL, NULL, 'France', '75017', 'EMEA'),
('5', 'Tokyo', '+81 33 224 5000', '4-1 Kioicho', NULL, 'Chiyoda-Ku', 'Japan', '102-8578', 'Japan'),
('6', 'Sydney', '+61 2 9264 2451', '5-11 Wentworth Avenue', 'Floor #2', NULL, 'Australia', 'NSW 2010', 'APAC'),
('7', 'London', '+44 20 7877 2041', '25 Old Broad Street', 'Level 7', NULL, 'UK', 'EC2N 1HN', 'EMEA');

-- Insert sample employees (using snake_case column names)
INSERT INTO employees (employee_number, last_name, first_name, extension, email, office_code, reports_to, job_title) VALUES
(1002, 'Murphy', 'Diane', 'x5800', 'dmurphy@classicmodelcars.com', '1', NULL, 'President'),
(1056, 'Patterson', 'Mary', 'x4611', 'mpatterso@classicmodelcars.com', '1', 1002, 'VP Sales'),
(1076, 'Firrelli', 'Jeff', 'x9273', 'jfirrelli@classicmodelcars.com', '1', 1002, 'VP Marketing'),
(1088, 'Patterson', 'William', 'x4871', 'wpatterson@classicmodelcars.com', '6', 1056, 'Sales Manager (APAC)'),
(1102, 'Bondur', 'Gerard', 'x5408', 'gbondur@classicmodelcars.com', '4', 1056, 'Sale Manager (EMEA)'),
(1143, 'Bow', 'Anthony', 'x5428', 'abow@classicmodelcars.com', '1', 1056, 'Sales Manager (NA)'),
(1165, 'Jennings', 'Leslie', 'x3291', 'ljennings@classicmodelcars.com', '1', 1143, 'Sales Rep'),
(1166, 'Thompson', 'Leslie', 'x4065', 'lthompson@classicmodelcars.com', '1', 1143, 'Sales Rep');

-- Insert sample product lines (using snake_case column names)
INSERT INTO productlines (product_line, text_description, html_description) VALUES
('Classic Cars', 'Attention car enthusiasts: Make your wildest car ownership dreams come true.', NULL),
('Motorcycles', 'Our motorcycles are state of the art replicas of classic as well as contemporary motorcycle legends.', NULL),
('Planes', 'Unique, diecast airplane and helicopter replicas suitable for collections.', NULL),
('Ships', 'The perfect holiday or anniversary gift for executives, clients, friends, and family.', NULL),
('Trains', 'Model trains are a rewarding hobby for enthusiasts of all ages.', NULL),
('Trucks and Buses', 'The Truck and Bus models are realistic replicas of buses and specialized trucks.', NULL),
('Vintage Cars', 'Our Vintage Car models realistically portray automobiles produced from the early 1900s.', NULL);

-- Insert sample products (using snake_case column names)
INSERT INTO products (product_code, product_name, product_line, product_scale, product_vendor, product_description, quantity_in_stock, buy_price, msrp) VALUES
('S10_1678', '1969 Harley Davidson Ultimate Chopper', 'Motorcycles', '1:10', 'Min Lin Diecast', 'This replica features working kickstand, front suspension, gear-shift lever, footbrake lever, drive chain, wheels and steering. All parts are particularly delicate due to their precise scale and require special care and attention.', 7933, 48.81, 95.70),
('S10_1949', '1952 Alpine Renault 1300', 'Classic Cars', '1:10', 'Classic Metal Creations', 'Turnable front wheels; steering function; detailed interior; detailed engine; opening hood; opening trunk; opening doors; opening glove compartment; detailed chassis; detailed undercarriage; opening doors; opening hood; opening trunk; detailed interior; detailed engine', 7305, 98.58, 214.30),
('S10_2016', '1996 Moto Guzzi 1100i', 'Motorcycles', '1:10', 'Highway 66 Mini Classics', 'Official Moto Guzzi logos and insignias, saddle bags located on side of motorcycle, detailed engine, working steering, working suspension, two leather seats, luggage rack, dual exhaust pipes, small saddle bag located on handle bars, two-tone paint with chrome accents, superior die-cast detail , rotating wheels , working kick stand, diecast metal with plastic parts and baked enamel finish.', 6625, 68.99, 118.94),
('S10_4698', '2003 Harley-Davidson Eagle Drag Bike', 'Motorcycles', '1:10', 'Red Start Diecast', 'Model features, official Harley Davidson logos and insignias, detachable rear wheelie bar, heavy diecast metal with plastic parts, authentic multi-color tampo-printed graphics, separate engine drive belts, free-turning front fork, rotating tires and rear racing slick, certificate of authenticity, detailed engine, working steering, working suspension.', 5582, 91.02, 193.66);

-- Insert sample customers (using snake_case column names)
INSERT INTO customers (customer_number, customer_name, contact_last_name, contact_first_name, phone, address_line1, address_line2, city, state, postal_code, country, sales_rep_employee_number, credit_limit) VALUES
(103, 'Atelier graphique', 'Schmitt', 'Carine', '40.32.2555', '54, rue Royale', NULL, 'Nantes', NULL, '44000', 'France', 1102, 21000.00),
(112, 'Signal Gift Stores', 'King', 'Jean', '7025551838', '8489 Strong St.', NULL, 'Las Vegas', 'NV', '83030', 'USA', 1166, 71800.00),
(114, 'Australian Collectors, Co.', 'Ferguson', 'Peter', '03 9520 4555', '636 St Kilda Road', 'Level 3', 'Melbourne', 'Victoria', '3004', 'Australia', 1088, 117300.00),
(119, 'La Rochelle Gifts', 'Labrune', 'Janine', '40.67.8555', '67, rue des Cinquante Otages', NULL, 'Nantes', NULL, '44000', 'France', 1102, 118200.00),
(121, 'Baane Mini Imports', 'Bergulfsen', 'Jonas', '07-98 9555', 'Erling Skakkes gate 78', NULL, 'Stavanger', NULL, '4110', 'Norway', 1102, 81700.00);

SELECT 'Sample data inserted successfully!' AS message;
